id,nome_prodotto,categoria,prezzo,tacco,taglie,colore,link
idp21594,Zeppa 3326,Zeppe,95.00 €,4,35 36 37 38 39 40 41,Marrone,https://www.kammi.it/scarpe-donna/zeppe/zeppa-3326-idp21594.html
idp20615,Zeppa L3402,Zeppe,74.90 €,6,40 41,Oro,https://www.kammi.it/scarpe-donna/zeppe/zeppa-l3402-idp20615.html
idp20566,Zeppa 100,Zeppe,49.90 €,7,35 36 38,Rosso,https://www.kammi.it/scarpe-donna/zeppe/zeppa-100-idp20566.html
idp21643,Zeppa 340,Zeppe,69.90 €,5,35 36 37 38 39 40,-,https://www.kammi.it/scarpe-donna/zeppe/zeppa-340-idp21643.html
idp21608,Zeppa 902,Zeppe,69.90 €,5,36 37 38 39 40,-,https://www.kammi.it/scarpe-donna/zeppe/zeppa-902-idp21608.html
idp21636,Zeppa 9005,Zeppe,89.90 €,5,37 38 39 40 41,-,https://www.kammi.it/scarpe-donna/zeppe/zeppa-9005-idp21636.html
idp21639,Zeppa 3462,Zeppe,69.90 €,4,36 37 38 39 40 41,-,https://www.kammi.it/scarpe-donna/zeppe/zeppa-3462-idp21639.html
idp21593,Zeppa 3326,Zeppe,95.00 €,4,35 37 38 39 40 41,Arancione,https://www.kammi.it/scarpe-donna/zeppe/zeppa-3326-idp21593.html
idp21627,Zeppa 3352,Zeppe,99.90 €,7,36 37 38 39 40 41,Arancione,https://www.kammi.it/scarpe-donna/zeppe/zeppa-3352-idp21627.html
idp20564,Zeppa 100,Zeppe,49.90 €,7,37 38 39 40 41,Bianco,https://www.kammi.it/scarpe-donna/zeppe/zeppa-100-idp20564.html
idp20573,Zeppa 5700,Zeppe,79.90 €,5,35 36 37 38 40,Bianco,https://www.kammi.it/scarpe-donna/zeppe/zeppa-5700-idp20573.html
idp20616,Zeppa 102,Zeppe,69.90 €,9,36 39 40,Marrone,https://www.kammi.it/scarpe-donna/zeppe/zeppa-102-idp20616.html
idp20609,Zeppa 5700,Zeppe,79.90 €,5,37 38 39 40 41,Marrone,https://www.kammi.it/scarpe-donna/zeppe/zeppa-5700-idp20609.html
idp20565,Zeppa 100,Zeppe,49.90 €,7,37 38 39 40,Nero,https://www.kammi.it/scarpe-donna/zeppe/zeppa-100-idp20565.html
idp20610,Zeppa 1610,Zeppe,79.90 €,4,36 37 38 39,Nero,https://www.kammi.it/scarpe-donna/zeppe/zeppa-1610-idp20610.html
idp21357,Tronchetto 6022,Stivali Stivaletti,139.00 €,7,35 37 38 39 40,Oro,https://www.kammi.it/scarpe-donna/stivali-stivaletti/tronchetto/tronchetto-6022-idp21357.html
idp21395,Sneakers 23036,Sneakers,79.90 €,4,36 39 40 41,-,https://www.kammi.it/scarpe-donna/sneakers/sneakers-23036-idp21395.html
idp21526,Sneaker Nina,Sneakers,109.00 €,0,37 38 39 41,-,https://www.kammi.it/scarpe-donna/sneakers/sneaker-nina-idp21526.html
idp20865,Sneakers 9040,Sneakers,79.90 €,0,36 37,Arancione,https://www.kammi.it/scarpe-donna/sneakers/sneakers-9040-idp20865.html
idp21550,Sneakers 82066,Sneakers,105.00 €,0,36 37 38 39 40,Bianco,https://www.kammi.it/scarpe-donna/sneakers/sneakers-82066-idp21550.html
idp20462,Sneakers 9040,Sneakers,79.90 €,0,36 39,Bianco,https://www.kammi.it/scarpe-donna/sneakers/sneakers-9040-idp20462.html
idp20899,Sneakers 23039,Sneakers,89.90 €,0,35 36,Bianco,https://www.kammi.it/scarpe-donna/sneakers/sneakers-23039-idp20899.html
idp20461,Sneakers 8100,Sneakers,95.00 €,0,38 39 40 41,Bianco,https://www.kammi.it/scarpe-donna/sneakers/sneakers-8100-idp20461.html
idp20866,Sneakers 9040,Sneakers,79.90 €,0,36 37 38 39 41,Celeste,https://www.kammi.it/scarpe-donna/sneakers/sneakers-9040-idp20866.html
idp20459,Sneakers 23180,Sneakers,89.90 €,0,35 36 37 38 40 41,Marrone,https://www.kammi.it/scarpe-donna/sneakers/sneakers-23180-idp20459.html
idp21548,Sneakers 8100,Sneakers,95.00 €,0,36 37 38 39 40 41,Nero,https://www.kammi.it/scarpe-donna/sneakers/sneakers-8100-idp21548.html
idp20903,Sneakers 23039,Sneakers,89.90 €,0,36 37 38 39 40 41,Nero,https://www.kammi.it/scarpe-donna/sneakers/sneakers-23039-idp20903.html
idp20477,Sneakers 23180,Sneakers,89.90 €,0,36,Nero,https://www.kammi.it/scarpe-donna/sneakers/sneakers-23180-idp20477.html
idp21549,Sneakers 8100,Sneakers,95.00 €,0,36 37 38 39 40,Rosa,https://www.kammi.it/scarpe-donna/sneakers/sneakers-8100-idp21549.html
idp21551,Sneakers 82066,Sneakers,105.00 €,0,35 36 37 38 39 40,Verde,https://www.kammi.it/scarpe-donna/sneakers/sneakers-82066-idp21551.html
idp21571,Scarpa con tacco 1007,Scarpe Con Tacco,85.00 €,7,36 37 38 39 40,Viola,https://www.kammi.it/scarpe-donna/scarpe-con-tacco/scarpa-con-tacco-1007-idp21571.html
idp21571,Scarpa con tacco 1007,Scarpe Con Tacco,85.00 €,7,36 37 38 39 40,Viola,https://www.kammi.it/scarpe-donna/scarpe-con-tacco/scarpa-con-tacco-1007-idp21571.html
idp21571,Scarpa con tacco 1007,Scarpe Con Tacco,85.00 €,7,36 37 38 39 40,Viola,https://www.kammi.it/scarpe-donna/scarpe-con-tacco/scarpa-con-tacco-1007-idp21571.html
idp21571,Scarpa con tacco 1007,Scarpe Con Tacco,85.00 €,7,36 37 38 39 40,Viola,https://www.kammi.it/scarpe-donna/scarpe-con-tacco/scarpa-con-tacco-1007-idp21571.html
idp21571,Scarpa con tacco 1007,Scarpe Con Tacco,85.00 €,7,36 37 38 39 40,Viola,https://www.kammi.it/scarpe-donna/scarpe-con-tacco/scarpa-con-tacco-1007-idp21571.html
idp21581,Slingback M051 charm,Scarpe Con Tacco,85.00 €,7,36 37 38 39 40,Oro,https://www.kammi.it/scarpe-donna/scarpe-con-tacco/slingback/slingback-m051-charm-idp21581.html
idp21581,Slingback M051 charm,Scarpe Con Tacco,85.00 €,7,36 37 38 39 40,Oro,https://www.kammi.it/scarpe-donna/scarpe-con-tacco/slingback/slingback-m051-charm-idp21581.html
idp21581,Slingback M051 charm,Scarpe Con Tacco,85.00 €,7,36 37 38 39 40,Oro,https://www.kammi.it/scarpe-donna/scarpe-con-tacco/slingback/slingback-m051-charm-idp21581.html
idp21581,Slingback M051 charm,Scarpe Con Tacco,85.00 €,7,36 37 38 39 40,Oro,https://www.kammi.it/scarpe-donna/scarpe-con-tacco/slingback/slingback-m051-charm-idp21581.html
idp21581,Slingback M051 charm,Scarpe Con Tacco,85.00 €,7,36 37 38 39 40,Oro,https://www.kammi.it/scarpe-donna/scarpe-con-tacco/slingback/slingback-m051-charm-idp21581.html
idp21514,Slingback 1174,Scarpe Con Tacco,119.00 €,45,38 39 41,-,https://www.kammi.it/scarpe-donna/scarpe-con-tacco/slingback/slingback-1174-idp21514.html
idp21541,Slingback 3005,Scarpe Con Tacco,95.00 €,6,35 38 39 40 41,-,https://www.kammi.it/scarpe-donna/scarpe-con-tacco/slingback/slingback-3005-idp21541.html
idp21544,Slingback 3004,Scarpe Con Tacco,95.00 €,6,35 37 40 41,-,https://www.kammi.it/scarpe-donna/scarpe-con-tacco/slingback/slingback-3004-idp21544.html
idp21545,Slingback M009,Scarpe Con Tacco,89.90 €,9,35 36 37 38 39 40 41,-,https://www.kammi.it/scarpe-donna/scarpe-con-tacco/slingback/slingback-m009-idp21545.html
idp21560,Slingback 1621,Scarpe Con Tacco,135.00 €,45,36 37 38 39 40,-,https://www.kammi.it/scarpe-donna/scarpe-con-tacco/slingback/slingback-1621-idp21560.html
idp21514,Slingback 1174,Scarpe Con Tacco,119.00 €,45,38 39 41,-,https://www.kammi.it/scarpe-donna/scarpe-con-tacco/slingback/slingback-1174-idp21514.html
idp21541,Slingback 3005,Scarpe Con Tacco,95.00 €,6,35 38 39 40 41,-,https://www.kammi.it/scarpe-donna/scarpe-con-tacco/slingback/slingback-3005-idp21541.html
idp21545,Slingback M009,Scarpe Con Tacco,89.90 €,9,35 36 37 38 39 40 41,-,https://www.kammi.it/scarpe-donna/scarpe-con-tacco/slingback/slingback-m009-idp21545.html
idp21560,Slingback 1621,Scarpe Con Tacco,135.00 €,45,36 37 38 39 40,-,https://www.kammi.it/scarpe-donna/scarpe-con-tacco/slingback/slingback-1621-idp21560.html
idp21560,Slingback 1621,Scarpe Con Tacco,135.00 €,45,36 37 38 39 40,-,https://www.kammi.it/scarpe-donna/scarpe-con-tacco/slingback/slingback-1621-idp21560.html
idp21544,Slingback 3004,Scarpe Con Tacco,95.00 €,6,35 37 40 41,-,https://www.kammi.it/scarpe-donna/scarpe-con-tacco/slingback/slingback-3004-idp21544.html
idp21541,Slingback 3005,Scarpe Con Tacco,95.00 €,6,35 38 39 40 41,-,https://www.kammi.it/scarpe-donna/scarpe-con-tacco/slingback/slingback-3005-idp21541.html
idp21544,Slingback 3004,Scarpe Con Tacco,95.00 €,6,35 37 40 41,-,https://www.kammi.it/scarpe-donna/scarpe-con-tacco/slingback/slingback-3004-idp21544.html
idp21545,Slingback M009,Scarpe Con Tacco,89.90 €,9,35 36 37 38 39 40 41,-,https://www.kammi.it/scarpe-donna/scarpe-con-tacco/slingback/slingback-m009-idp21545.html
idp21560,Slingback 1621,Scarpe Con Tacco,135.00 €,45,36 37 38 39 40,-,https://www.kammi.it/scarpe-donna/scarpe-con-tacco/slingback/slingback-1621-idp21560.html
idp21514,Slingback 1174,Scarpe Con Tacco,119.00 €,45,38 39 41,-,https://www.kammi.it/scarpe-donna/scarpe-con-tacco/slingback/slingback-1174-idp21514.html
idp21541,Slingback 3005,Scarpe Con Tacco,95.00 €,6,35 38 39 40 41,-,https://www.kammi.it/scarpe-donna/scarpe-con-tacco/slingback/slingback-3005-idp21541.html
idp21544,Slingback 3004,Scarpe Con Tacco,95.00 €,6,35 37 40 41,-,https://www.kammi.it/scarpe-donna/scarpe-con-tacco/slingback/slingback-3004-idp21544.html
idp21545,Slingback M009,Scarpe Con Tacco,89.90 €,9,35 36 37 38 39 40 41,-,https://www.kammi.it/scarpe-donna/scarpe-con-tacco/slingback/slingback-m009-idp21545.html
idp21560,Slingback 1621,Scarpe Con Tacco,135.00 €,45,36 37 38 39 40,-,https://www.kammi.it/scarpe-donna/scarpe-con-tacco/slingback/slingback-1621-idp21560.html
idp21514,Slingback 1174,Scarpe Con Tacco,119.00 €,45,38 39 41,-,https://www.kammi.it/scarpe-donna/scarpe-con-tacco/slingback/slingback-1174-idp21514.html
idp21541,Slingback 3005,Scarpe Con Tacco,95.00 €,6,35 38 39 40 41,-,https://www.kammi.it/scarpe-donna/scarpe-con-tacco/slingback/slingback-3005-idp21541.html
idp21545,Slingback M009,Scarpe Con Tacco,89.90 €,9,35 36 37 38 39 40 41,-,https://www.kammi.it/scarpe-donna/scarpe-con-tacco/slingback/slingback-m009-idp21545.html
idp21544,Slingback 3004,Scarpe Con Tacco,95.00 €,6,35 37 40 41,-,https://www.kammi.it/scarpe-donna/scarpe-con-tacco/slingback/slingback-3004-idp21544.html
idp21514,Slingback 1174,Scarpe Con Tacco,119.00 €,45,38 39 41,-,https://www.kammi.it/scarpe-donna/scarpe-con-tacco/slingback/slingback-1174-idp21514.html
idp21516,Slingback 7138,Scarpe Con Tacco,65.00 €,55,36 37 38 40,Bianco,https://www.kammi.it/scarpe-donna/scarpe-con-tacco/slingback/slingback-7138-idp21516.html
idp21516,Slingback 7138,Scarpe Con Tacco,65.00 €,55,36 37 38 40,Bianco,https://www.kammi.it/scarpe-donna/scarpe-con-tacco/slingback/slingback-7138-idp21516.html
idp21570,Scarpa con tacco 1007,Scarpe Con Tacco,85.00 €,7,35 36 38 41,Bianco,https://www.kammi.it/scarpe-donna/scarpe-con-tacco/scarpa-con-tacco-1007-idp21570.html
idp21580,Slingback M051 charm,Scarpe Con Tacco,85.00 €,7,36 37 38,Bianco,https://www.kammi.it/scarpe-donna/scarpe-con-tacco/slingback/slingback-m051-charm-idp21580.html
idp21580,Slingback M051 charm,Scarpe Con Tacco,85.00 €,7,36 37 38,Bianco,https://www.kammi.it/scarpe-donna/scarpe-con-tacco/slingback/slingback-m051-charm-idp21580.html
idp21570,Scarpa con tacco 1007,Scarpe Con Tacco,85.00 €,7,35 36 38 41,Bianco,https://www.kammi.it/scarpe-donna/scarpe-con-tacco/scarpa-con-tacco-1007-idp21570.html
idp21570,Scarpa con tacco 1007,Scarpe Con Tacco,85.00 €,7,35 36 38 41,Bianco,https://www.kammi.it/scarpe-donna/scarpe-con-tacco/scarpa-con-tacco-1007-idp21570.html
idp21516,Slingback 7138,Scarpe Con Tacco,65.00 €,55,36 37 38 40,Bianco,https://www.kammi.it/scarpe-donna/scarpe-con-tacco/slingback/slingback-7138-idp21516.html
idp21580,Slingback M051 charm,Scarpe Con Tacco,85.00 €,7,36 37 38,Bianco,https://www.kammi.it/scarpe-donna/scarpe-con-tacco/slingback/slingback-m051-charm-idp21580.html
idp21570,Scarpa con tacco 1007,Scarpe Con Tacco,85.00 €,7,35 36 38 41,Bianco,https://www.kammi.it/scarpe-donna/scarpe-con-tacco/scarpa-con-tacco-1007-idp21570.html
idp21516,Slingback 7138,Scarpe Con Tacco,65.00 €,55,36 37 38 40,Bianco,https://www.kammi.it/scarpe-donna/scarpe-con-tacco/slingback/slingback-7138-idp21516.html
idp21570,Scarpa con tacco 1007,Scarpe Con Tacco,85.00 €,7,35 36 38 41,Bianco,https://www.kammi.it/scarpe-donna/scarpe-con-tacco/scarpa-con-tacco-1007-idp21570.html
idp21580,Slingback M051 charm,Scarpe Con Tacco,85.00 €,7,36 37 38,Bianco,https://www.kammi.it/scarpe-donna/scarpe-con-tacco/slingback/slingback-m051-charm-idp21580.html
idp21516,Slingback 7138,Scarpe Con Tacco,65.00 €,55,36 37 38 40,Bianco,https://www.kammi.it/scarpe-donna/scarpe-con-tacco/slingback/slingback-7138-idp21516.html
idp21580,Slingback M051 charm,Scarpe Con Tacco,85.00 €,7,36 37 38,Bianco,https://www.kammi.it/scarpe-donna/scarpe-con-tacco/slingback/slingback-m051-charm-idp21580.html
idp21573,Slingback 1006,Scarpe Con Tacco,85.00 €,7,36 37 38 39 40 41,Marrone,https://www.kammi.it/scarpe-donna/scarpe-con-tacco/slingback/slingback-1006-idp21573.html
idp21573,Slingback 1006,Scarpe Con Tacco,85.00 €,7,36 37 38 39 40 41,Marrone,https://www.kammi.it/scarpe-donna/scarpe-con-tacco/slingback/slingback-1006-idp21573.html
idp21573,Slingback 1006,Scarpe Con Tacco,85.00 €,7,36 37 38 39 40 41,Marrone,https://www.kammi.it/scarpe-donna/scarpe-con-tacco/slingback/slingback-1006-idp21573.html
idp21573,Slingback 1006,Scarpe Con Tacco,85.00 €,7,36 37 38 39 40 41,Marrone,https://www.kammi.it/scarpe-donna/scarpe-con-tacco/slingback/slingback-1006-idp21573.html
idp21573,Slingback 1006,Scarpe Con Tacco,85.00 €,7,36 37 38 39 40 41,Marrone,https://www.kammi.it/scarpe-donna/scarpe-con-tacco/slingback/slingback-1006-idp21573.html
idp21575,Slingback M051 cap,Scarpe Con Tacco,85.00 €,8,37 38 39 41,Nero,https://www.kammi.it/scarpe-donna/scarpe-con-tacco/slingback/slingback-m051-cap-idp21575.html
idp21575,Slingback M051 cap,Scarpe Con Tacco,85.00 €,8,37 38 39 41,Nero,https://www.kammi.it/scarpe-donna/scarpe-con-tacco/slingback/slingback-m051-cap-idp21575.html
idp21575,Slingback M051 cap,Scarpe Con Tacco,85.00 €,8,37 38 39 41,Nero,https://www.kammi.it/scarpe-donna/scarpe-con-tacco/slingback/slingback-m051-cap-idp21575.html
idp21575,Slingback M051 cap,Scarpe Con Tacco,85.00 €,8,37 38 39 41,Nero,https://www.kammi.it/scarpe-donna/scarpe-con-tacco/slingback/slingback-m051-cap-idp21575.html
idp21575,Slingback M051 cap,Scarpe Con Tacco,85.00 €,8,37 38 39 41,Nero,https://www.kammi.it/scarpe-donna/scarpe-con-tacco/slingback/slingback-m051-cap-idp21575.html
idp21572,Slingback 1006,Scarpe Con Tacco,85.00 €,7,36 37 38 39 40,Oro,https://www.kammi.it/scarpe-donna/scarpe-con-tacco/slingback/slingback-1006-idp21572.html
idp21572,Slingback 1006,Scarpe Con Tacco,85.00 €,7,36 37 38 39 40,Oro,https://www.kammi.it/scarpe-donna/scarpe-con-tacco/slingback/slingback-1006-idp21572.html
idp21572,Slingback 1006,Scarpe Con Tacco,85.00 €,7,36 37 38 39 40,Oro,https://www.kammi.it/scarpe-donna/scarpe-con-tacco/slingback/slingback-1006-idp21572.html
idp21574,Slingback M051 cap,Scarpe Con Tacco,85.00 €,8,35 36 37 38 39 40 41,Oro,https://www.kammi.it/scarpe-donna/scarpe-con-tacco/slingback/slingback-m051-cap-idp21574.html
idp21574,Slingback M051 cap,Scarpe Con Tacco,85.00 €,8,35 36 37 38 39 40 41,Oro,https://www.kammi.it/scarpe-donna/scarpe-con-tacco/slingback/slingback-m051-cap-idp21574.html
idp21572,Slingback 1006,Scarpe Con Tacco,85.00 €,7,36 37 38 39 40,Oro,https://www.kammi.it/scarpe-donna/scarpe-con-tacco/slingback/slingback-1006-idp21572.html
idp21572,Slingback 1006,Scarpe Con Tacco,85.00 €,7,36 37 38 39 40,Oro,https://www.kammi.it/scarpe-donna/scarpe-con-tacco/slingback/slingback-1006-idp21572.html
idp21574,Slingback M051 cap,Scarpe Con Tacco,85.00 €,8,35 36 37 38 39 40 41,Oro,https://www.kammi.it/scarpe-donna/scarpe-con-tacco/slingback/slingback-m051-cap-idp21574.html
idp21574,Slingback M051 cap,Scarpe Con Tacco,85.00 €,8,35 36 37 38 39 40 41,Oro,https://www.kammi.it/scarpe-donna/scarpe-con-tacco/slingback/slingback-m051-cap-idp21574.html
idp21574,Slingback M051 cap,Scarpe Con Tacco,85.00 €,8,35 36 37 38 39 40 41,Oro,https://www.kammi.it/scarpe-donna/scarpe-con-tacco/slingback/slingback-m051-cap-idp21574.html
idp21562,Slingback 7138,Scarpe Con Tacco,65.00 €,55,36 37 38 39 40,Rosa,https://www.kammi.it/scarpe-donna/scarpe-con-tacco/slingback/slingback-7138-idp21562.html
idp21562,Slingback 7138,Scarpe Con Tacco,65.00 €,55,36 37 38 39 40,Rosa,https://www.kammi.it/scarpe-donna/scarpe-con-tacco/slingback/slingback-7138-idp21562.html
idp21562,Slingback 7138,Scarpe Con Tacco,65.00 €,55,36 37 38 39 40,Rosa,https://www.kammi.it/scarpe-donna/scarpe-con-tacco/slingback/slingback-7138-idp21562.html
idp21562,Slingback 7138,Scarpe Con Tacco,65.00 €,55,36 37 38 39 40,Rosa,https://www.kammi.it/scarpe-donna/scarpe-con-tacco/slingback/slingback-7138-idp21562.html
idp21562,Slingback 7138,Scarpe Con Tacco,65.00 €,55,36 37 38 39 40,Rosa,https://www.kammi.it/scarpe-donna/scarpe-con-tacco/slingback/slingback-7138-idp21562.html
idp21543,Ballerina Lulu,Scarpe Basse,89.90 €,0,35 36 37 38 39 40 41,Oro,https://www.kammi.it/scarpe-donna/scarpe-basse/ballerine/ballerina-lulu-idp21543.html
idp21543,Ballerina Lulu,Scarpe Basse,89.90 €,0,35 36 37 38 39 40 41,Oro,https://www.kammi.it/scarpe-donna/scarpe-basse/ballerine/ballerina-lulu-idp21543.html
idp21543,Ballerina Lulu,Scarpe Basse,89.90 €,0,35 36 37 38 39 40 41,Oro,https://www.kammi.it/scarpe-donna/scarpe-basse/ballerine/ballerina-lulu-idp21543.html
idp21543,Ballerina Lulu,Scarpe Basse,89.90 €,0,35 36 37 38 39 40 41,Oro,https://www.kammi.it/scarpe-donna/scarpe-basse/ballerine/ballerina-lulu-idp21543.html
idp21568,Ballerina 6012,Scarpe Basse,85.00 €,1,38 39 40,-,https://www.kammi.it/scarpe-donna/scarpe-basse/ballerine/ballerina-6012-idp21568.html
idp21554,Ballerina 5025,Scarpe Basse,109.00 €,1,35 37 38 40 41,-,https://www.kammi.it/scarpe-donna/scarpe-basse/ballerine/ballerina-5025-idp21554.html
idp21552,Mocassino L60,Scarpe Basse,115.00 €,1,38 39 40,-,https://www.kammi.it/scarpe-donna/scarpe-basse/mocassini/mocassino-l60-idp21552.html
idp21579,Slingback bassa T011,Scarpe Basse,95.00 €,2,37 38 39 40 41,-,https://www.kammi.it/scarpe-donna/scarpe-basse/slingback-bassa-t011-idp21579.html
idp21578,Mocassino 2002 cam,Scarpe Basse,89.90 €,0,36 37 38 39 40 41,-,https://www.kammi.it/scarpe-donna/scarpe-basse/mocassini/mocassino-2002-cam-idp21578.html
idp21568,Ballerina 6012,Scarpe Basse,85.00 €,1,38 39 40,-,https://www.kammi.it/scarpe-donna/scarpe-basse/ballerine/ballerina-6012-idp21568.html
idp21557,Ballerina 5019,Scarpe Basse,105.00 €,1,36 37 38 39 40,-,https://www.kammi.it/scarpe-donna/scarpe-basse/ballerine/ballerina-5019-idp21557.html
idp21554,Ballerina 5025,Scarpe Basse,109.00 €,1,35 37 38 40 41,-,https://www.kammi.it/scarpe-donna/scarpe-basse/ballerine/ballerina-5025-idp21554.html
idp21553,Mocassino  L48,Scarpe Basse,129.00 €,1,37 38 39 40,-,https://www.kammi.it/scarpe-donna/scarpe-basse/mocassini/mocassino-l48-idp21553.html
idp21553,Mocassino  L48,Scarpe Basse,129.00 €,1,37 38 39 40,-,https://www.kammi.it/scarpe-donna/scarpe-basse/mocassini/mocassino-l48-idp21553.html
idp21552,Mocassino L60,Scarpe Basse,115.00 €,1,38 39 40,-,https://www.kammi.it/scarpe-donna/scarpe-basse/mocassini/mocassino-l60-idp21552.html
idp21579,Slingback bassa T011,Scarpe Basse,95.00 €,2,37 38 39 40 41,-,https://www.kammi.it/scarpe-donna/scarpe-basse/slingback-bassa-t011-idp21579.html
idp21578,Mocassino 2002 cam,Scarpe Basse,89.90 €,0,36 37 38 39 40 41,-,https://www.kammi.it/scarpe-donna/scarpe-basse/mocassini/mocassino-2002-cam-idp21578.html
idp21568,Ballerina 6012,Scarpe Basse,85.00 €,1,38 39 40,-,https://www.kammi.it/scarpe-donna/scarpe-basse/ballerine/ballerina-6012-idp21568.html
idp21552,Mocassino L60,Scarpe Basse,115.00 €,1,38 39 40,-,https://www.kammi.it/scarpe-donna/scarpe-basse/mocassini/mocassino-l60-idp21552.html
idp21557,Ballerina 5019,Scarpe Basse,105.00 €,1,36 37 38 39 40,-,https://www.kammi.it/scarpe-donna/scarpe-basse/ballerine/ballerina-5019-idp21557.html
idp21554,Ballerina 5025,Scarpe Basse,109.00 €,1,35 37 38 40 41,-,https://www.kammi.it/scarpe-donna/scarpe-basse/ballerine/ballerina-5025-idp21554.html
idp21553,Mocassino  L48,Scarpe Basse,129.00 €,1,37 38 39 40,-,https://www.kammi.it/scarpe-donna/scarpe-basse/mocassini/mocassino-l48-idp21553.html
idp21578,Mocassino 2002 cam,Scarpe Basse,89.90 €,0,36 37 38 39 40 41,-,https://www.kammi.it/scarpe-donna/scarpe-basse/mocassini/mocassino-2002-cam-idp21578.html
idp21557,Ballerina 5019,Scarpe Basse,105.00 €,1,36 37 38 39 40,-,https://www.kammi.it/scarpe-donna/scarpe-basse/ballerine/ballerina-5019-idp21557.html
idp21552,Mocassino L60,Scarpe Basse,115.00 €,1,38 39 40,-,https://www.kammi.it/scarpe-donna/scarpe-basse/mocassini/mocassino-l60-idp21552.html
idp21553,Mocassino  L48,Scarpe Basse,129.00 €,1,37 38 39 40,-,https://www.kammi.it/scarpe-donna/scarpe-basse/mocassini/mocassino-l48-idp21553.html
idp21554,Ballerina 5025,Scarpe Basse,109.00 €,1,35 37 38 40 41,-,https://www.kammi.it/scarpe-donna/scarpe-basse/ballerine/ballerina-5025-idp21554.html
idp21557,Ballerina 5019,Scarpe Basse,105.00 €,1,36 37 38 39 40,-,https://www.kammi.it/scarpe-donna/scarpe-basse/ballerine/ballerina-5019-idp21557.html
idp21579,Slingback bassa T011,Scarpe Basse,95.00 €,2,37 38 39 40 41,-,https://www.kammi.it/scarpe-donna/scarpe-basse/slingback-bassa-t011-idp21579.html
idp21578,Mocassino 2002 cam,Scarpe Basse,89.90 €,0,36 37 38 39 40 41,-,https://www.kammi.it/scarpe-donna/scarpe-basse/mocassini/mocassino-2002-cam-idp21578.html
idp21579,Slingback bassa T011,Scarpe Basse,95.00 €,2,37 38 39 40 41,-,https://www.kammi.it/scarpe-donna/scarpe-basse/slingback-bassa-t011-idp21579.html
idp21568,Ballerina 6012,Scarpe Basse,85.00 €,1,38 39 40,-,https://www.kammi.it/scarpe-donna/scarpe-basse/ballerine/ballerina-6012-idp21568.html
idp21576,Mocassino 2014,Scarpe Basse,89.90 €,0,36 37 38 39 40,Arancione,https://www.kammi.it/scarpe-donna/scarpe-basse/mocassini/mocassino-2014-idp21576.html
idp21576,Mocassino 2014,Scarpe Basse,89.90 €,0,36 37 38 39 40,Arancione,https://www.kammi.it/scarpe-donna/scarpe-basse/mocassini/mocassino-2014-idp21576.html
idp21576,Mocassino 2014,Scarpe Basse,89.90 €,0,36 37 38 39 40,Arancione,https://www.kammi.it/scarpe-donna/scarpe-basse/mocassini/mocassino-2014-idp21576.html
idp21576,Mocassino 2014,Scarpe Basse,89.90 €,0,36 37 38 39 40,Arancione,https://www.kammi.it/scarpe-donna/scarpe-basse/mocassini/mocassino-2014-idp21576.html
idp21559,Ballerina 5015,Scarpe Basse,89.90 €,1,37 38 39 40,Nero,https://www.kammi.it/scarpe-donna/scarpe-basse/ballerine/ballerina-5015-idp21559.html
idp21556,Ballerina 5016,Scarpe Basse,95.00 €,1,36 37 38 39,Nero,https://www.kammi.it/scarpe-donna/scarpe-basse/ballerine/ballerina-5016-idp21556.html
idp21542,Ballerina Lulu,Scarpe Basse,89.90 €,0,35 36 37 38 39 41,Nero,https://www.kammi.it/scarpe-donna/scarpe-basse/ballerine/ballerina-lulu-idp21542.html
idp21542,Ballerina Lulu,Scarpe Basse,89.90 €,0,35 36 37 38 39 41,Nero,https://www.kammi.it/scarpe-donna/scarpe-basse/ballerine/ballerina-lulu-idp21542.html
idp21556,Ballerina 5016,Scarpe Basse,95.00 €,1,36 37 38 39,Nero,https://www.kammi.it/scarpe-donna/scarpe-basse/ballerine/ballerina-5016-idp21556.html
idp21559,Ballerina 5015,Scarpe Basse,89.90 €,1,37 38 39 40,Nero,https://www.kammi.it/scarpe-donna/scarpe-basse/ballerine/ballerina-5015-idp21559.html
idp21556,Ballerina 5016,Scarpe Basse,95.00 €,1,36 37 38 39,Nero,https://www.kammi.it/scarpe-donna/scarpe-basse/ballerine/ballerina-5016-idp21556.html
idp21542,Ballerina Lulu,Scarpe Basse,89.90 €,0,35 36 37 38 39 41,Nero,https://www.kammi.it/scarpe-donna/scarpe-basse/ballerine/ballerina-lulu-idp21542.html
idp21556,Ballerina 5016,Scarpe Basse,95.00 €,1,36 37 38 39,Nero,https://www.kammi.it/scarpe-donna/scarpe-basse/ballerine/ballerina-5016-idp21556.html
idp21559,Ballerina 5015,Scarpe Basse,89.90 €,1,37 38 39 40,Nero,https://www.kammi.it/scarpe-donna/scarpe-basse/ballerine/ballerina-5015-idp21559.html
idp21559,Ballerina 5015,Scarpe Basse,89.90 €,1,37 38 39 40,Nero,https://www.kammi.it/scarpe-donna/scarpe-basse/ballerine/ballerina-5015-idp21559.html
idp21542,Ballerina Lulu,Scarpe Basse,89.90 €,0,35 36 37 38 39 41,Nero,https://www.kammi.it/scarpe-donna/scarpe-basse/ballerine/ballerina-lulu-idp21542.html
idp21555,Ballerina 5016,Scarpe Basse,95.00 €,1,37 38 40,Oro,https://www.kammi.it/scarpe-donna/scarpe-basse/ballerine/ballerina-5016-idp21555.html
idp21558,Ballerina 5015,Scarpe Basse,89.90 €,1,37 38 39 40,Oro,https://www.kammi.it/scarpe-donna/scarpe-basse/ballerine/ballerina-5015-idp21558.html
idp21558,Ballerina 5015,Scarpe Basse,89.90 €,1,37 38 39 40,Oro,https://www.kammi.it/scarpe-donna/scarpe-basse/ballerine/ballerina-5015-idp21558.html
idp21555,Ballerina 5016,Scarpe Basse,95.00 €,1,37 38 40,Oro,https://www.kammi.it/scarpe-donna/scarpe-basse/ballerine/ballerina-5016-idp21555.html
idp21555,Ballerina 5016,Scarpe Basse,95.00 €,1,37 38 40,Oro,https://www.kammi.it/scarpe-donna/scarpe-basse/ballerine/ballerina-5016-idp21555.html
idp21555,Ballerina 5016,Scarpe Basse,95.00 €,1,37 38 40,Oro,https://www.kammi.it/scarpe-donna/scarpe-basse/ballerine/ballerina-5016-idp21555.html
idp21558,Ballerina 5015,Scarpe Basse,89.90 €,1,37 38 39 40,Oro,https://www.kammi.it/scarpe-donna/scarpe-basse/ballerine/ballerina-5015-idp21558.html
idp21558,Ballerina 5015,Scarpe Basse,89.90 €,1,37 38 39 40,Oro,https://www.kammi.it/scarpe-donna/scarpe-basse/ballerine/ballerina-5015-idp21558.html
idp21577,Mocassino 2014,Scarpe Basse,89.90 €,0,37 38 39 40 41,Verde,https://www.kammi.it/scarpe-donna/scarpe-basse/mocassini/mocassino-2014-idp21577.html
idp21577,Mocassino 2014,Scarpe Basse,89.90 €,0,37 38 39 40 41,Verde,https://www.kammi.it/scarpe-donna/scarpe-basse/mocassini/mocassino-2014-idp21577.html
idp21577,Mocassino 2014,Scarpe Basse,89.90 €,0,37 38 39 40 41,Verde,https://www.kammi.it/scarpe-donna/scarpe-basse/mocassini/mocassino-2014-idp21577.html
idp21577,Mocassino 2014,Scarpe Basse,89.90 €,0,37 38 39 40 41,Verde,https://www.kammi.it/scarpe-donna/scarpe-basse/mocassini/mocassino-2014-idp21577.html
idp21122,Sandalo con tacco 8006,Sandali con Tacco,99.90 €,12,40,Oro,https://www.kammi.it/scarpe-donna/sandali-con-tacco/sandalo-con-tacco-8006-idp21122.html
idp21400,Sandalo con tacco M044,Sandali con Tacco,89.90 €,6,38 40,Oro,https://www.kammi.it/scarpe-donna/sandali-con-tacco/sandalo-con-tacco-m044-idp21400.html
idp21332,Sandalo con tacco 8006 raso,Sandali con Tacco,99.90 €,12,35 36 37 38 39,-,https://www.kammi.it/scarpe-donna/sandali-con-tacco/sandalo-con-tacco-8006-raso-idp21332.html
idp21638,Sandalo con tacco 7499,Sandali con Tacco,69.90 €,6,37 38 39 40 41,-,https://www.kammi.it/scarpe-donna/sandali-con-tacco/sandalo-con-tacco-7499-idp21638.html
idp21589,Sandalo con tacco 7511,Sandali con Tacco,65.00 €,6,35 36 37 38 39 40 41,-,https://www.kammi.it/scarpe-donna/sandali-con-tacco/sandalo-con-tacco-7511-idp21589.html
idp21590,Sandalo con tacco L153,Sandali con Tacco,99.90 €,6,36 37 38 39 40 41,-,https://www.kammi.it/scarpe-donna/sandali-con-tacco/sandalo-con-tacco-l153-idp21590.html
idp21630,Sandalo 931,Sandali con Tacco,59.90 €,45,37 38 39 40 41,-,https://www.kammi.it/scarpe-donna/sandali-con-tacco/sandalo-931-idp21630.html
idp21634,Sandalo con il tacco 7537,Sandali con Tacco,69.90 €,7,35 36 37 38 39,-,https://www.kammi.it/scarpe-donna/sandali-con-tacco/sandalo-con-il-tacco-7537-idp21634.html
idp21401,Sandalo con tacco M044,Sandali con Tacco,89.90 €,6,35 36 37 38 39 40,Bianco,https://www.kammi.it/scarpe-donna/sandali-con-tacco/sandalo-con-tacco-m044-idp21401.html
idp21407,Sandalo con tacco M054,Sandali con Tacco,69.90 €,5,35 36 38 39 40 41,Nero,https://www.kammi.it/scarpe-donna/sandali-con-tacco/sandalo-con-tacco-m054-idp21407.html
idp21402,Sandalo con tacco M044,Sandali con Tacco,89.90 €,6,36 39 40,Oro,https://www.kammi.it/scarpe-donna/sandali-con-tacco/sandalo-con-tacco-m044-idp21402.html
idp20973,Sandalo con tacco 1575,Sandali con Tacco,115.00 €,5,39,Oro,https://www.kammi.it/scarpe-donna/sandali-con-tacco/sandalo-con-tacco-1575-idp20973.html
idp21123,Sandalo con tacco M044,Sandali con Tacco,89.90 €,6,39 40,Rosa,https://www.kammi.it/scarpe-donna/sandali-con-tacco/sandalo-con-tacco-m044-idp21123.html
idp21121,Sandalo con tacco 8006,Sandali con Tacco,99.90 €,12,35 36 37 38 39 40,Rosa,https://www.kammi.it/scarpe-donna/sandali-con-tacco/sandalo-con-tacco-8006-idp21121.html
idp21625,Ciabatta 271,Sandali Bassi,79.90 €,0,38 39 40 41,Marrone,https://www.kammi.it/scarpe-donna/sandali-bassi/ciabatta-271-idp21625.html
idp21625,Ciabatta 271,Sandali Bassi,79.90 €,0,38 39 40 41,Marrone,https://www.kammi.it/scarpe-donna/sandali-bassi/ciabatta-271-idp21625.html
idp21624,Ciabatta new D,Sandali Bassi,25.00 €,0,36 37 38 39 40 41,Viola,https://www.kammi.it/scarpe-donna/sandali-bassi/ciabatta-new-d-idp21624.html
idp21624,Ciabatta new D,Sandali Bassi,25.00 €,0,36 37 38 39 40 41,Viola,https://www.kammi.it/scarpe-donna/sandali-bassi/ciabatta-new-d-idp21624.html
idp21629,Sandalo 194,Sandali Bassi,39.90 €,0,36 37 38 39 40 41,-,https://www.kammi.it/scarpe-donna/sandali-bassi/sandalo-194-idp21629.html
idp21644,Sandalo 7318,Sandali Bassi,75.00 €,4,36 37 38 39 40 41,-,https://www.kammi.it/scarpe-donna/sandali-bassi/sandalo-7318-idp21644.html
idp21637,Ciabatta 221,Sandali Bassi,45.00 €,0,36 37 38 39 40,-,https://www.kammi.it/scarpe-donna/sandali-bassi/ciabatta-221-idp21637.html
idp21633,Ciabatta 201,Sandali Bassi,39.90 €,0,36 37 38 39 40,-,https://www.kammi.it/scarpe-donna/sandali-bassi/ciabatta-201-idp21633.html
idp21635,Sandalo 7285,Sandali Bassi,59.90 €,2,36 37 38 39 40 41,-,https://www.kammi.it/scarpe-donna/sandali-bassi/sandalo-7285-idp21635.html
idp21635,Sandalo 7285,Sandali Bassi,59.90 €,2,36 37 38 39 40 41,-,https://www.kammi.it/scarpe-donna/sandali-bassi/sandalo-7285-idp21635.html
idp21637,Ciabatta 221,Sandali Bassi,45.00 €,0,36 37 38 39 40,-,https://www.kammi.it/scarpe-donna/sandali-bassi/ciabatta-221-idp21637.html
idp21633,Ciabatta 201,Sandali Bassi,39.90 €,0,36 37 38 39 40,-,https://www.kammi.it/scarpe-donna/sandali-bassi/ciabatta-201-idp21633.html
idp21629,Sandalo 194,Sandali Bassi,39.90 €,0,36 37 38 39 40 41,-,https://www.kammi.it/scarpe-donna/sandali-bassi/sandalo-194-idp21629.html
idp21644,Sandalo 7318,Sandali Bassi,75.00 €,4,36 37 38 39 40 41,-,https://www.kammi.it/scarpe-donna/sandali-bassi/sandalo-7318-idp21644.html
idp21631,Ciabatta 800,Sandali Bassi,55.00 €,0,35 36 37 38 39 40,Bianco,https://www.kammi.it/scarpe-donna/sandali-bassi/ciabatta-800-idp21631.html
idp21631,Ciabatta 800,Sandali Bassi,55.00 €,0,35 36 37 38 39 40,Bianco,https://www.kammi.it/scarpe-donna/sandali-bassi/ciabatta-800-idp21631.html
idp21620,Ciabatta new D,Sandali Bassi,25.00 €,0,36 37 38 39 40 41,Nero,https://www.kammi.it/scarpe-donna/sandali-bassi/ciabatta-new-d-idp21620.html
idp21620,Ciabatta new D,Sandali Bassi,25.00 €,0,36 37 38 39 40 41,Nero,https://www.kammi.it/scarpe-donna/sandali-bassi/ciabatta-new-d-idp21620.html
idp21628,Sandalo 720-56,Sandali Bassi,59.90 €,1,37 38 39 40,Oro,https://www.kammi.it/scarpe-donna/sandali-bassi/sandalo-720-56-idp21628.html
idp21628,Sandalo 720-56,Sandali Bassi,59.90 €,1,37 38 39 40,Oro,https://www.kammi.it/scarpe-donna/sandali-bassi/sandalo-720-56-idp21628.html
idp21632,Ciabatta 800,Sandali Bassi,55.00 €,0,36 37 38 39 40 41,Rosa,https://www.kammi.it/scarpe-donna/sandali-bassi/ciabatta-800-idp21632.html
idp21632,Ciabatta 800,Sandali Bassi,55.00 €,0,36 37 38 39 40 41,Rosa,https://www.kammi.it/scarpe-donna/sandali-bassi/ciabatta-800-idp21632.html
idp21626,Ciabatta 271,Sandali Bassi,79.90 €,0,35 36 37 38 39 40,Rosa,https://www.kammi.it/scarpe-donna/sandali-bassi/ciabatta-271-idp21626.html
idp21621,Ciabatta new D,Sandali Bassi,25.00 €,0,36 37 38 39 40 41,Rosa,https://www.kammi.it/scarpe-donna/sandali-bassi/ciabatta-new-d-idp21621.html
idp21621,Ciabatta new D,Sandali Bassi,25.00 €,0,36 37 38 39 40 41,Rosa,https://www.kammi.it/scarpe-donna/sandali-bassi/ciabatta-new-d-idp21621.html
idp21626,Ciabatta 271,Sandali Bassi,79.90 €,0,35 36 37 38 39 40,Rosa,https://www.kammi.it/scarpe-donna/sandali-bassi/ciabatta-271-idp21626.html
idp21610,Ciabatta 407,Sandali Bassi,45.00 €,1,37 38 39 40 41,Verde,https://www.kammi.it/scarpe-donna/sandali-bassi/ciabatta-407-idp21610.html
idp21623,Ciabatta new D,Sandali Bassi,25.00 €,0,36 37 38 39 40 41,Verde,https://www.kammi.it/scarpe-donna/sandali-bassi/ciabatta-new-d-idp21623.html
idp21623,Ciabatta new D,Sandali Bassi,25.00 €,0,36 37 38 39 40 41,Verde,https://www.kammi.it/scarpe-donna/sandali-bassi/ciabatta-new-d-idp21623.html
idp21610,Ciabatta 407,Sandali Bassi,45.00 €,1,37 38 39 40 41,Verde,https://www.kammi.it/scarpe-donna/sandali-bassi/ciabatta-407-idp21610.html